"","epi","class","kingdom","divergence","combo"
"2",1,"M","plant","within","Desmodium sandwicense-acetylene reduced (nmoles/h)"
"3",0.634379919226179,"LH","animal","within","Drosophila melanogaster-BxACO fecundity"
"4",0,"LH","animal","within","Drosophila melanogaster-BxACO female starvation resist"
"5",0.101953497518654,"LH","animal","within","Drosophila melanogaster-BxACO fem develop time"
"6",0.652173913043477,"M","animal","within","Drosophila melanogaster-BxACO female weight"
"7",0.249999984937591,"LH","animal","within","Drosophila melanogaster-BxACO male starvation resist"
"8",0,"LH","animal","within","Drosophila melanogaster-BxACO male develop time"
"9",0.343618459190852,"M","animal","within","Drosophila melanogaster-BxACO male weight"
"10",1,"M","plant","within","Zea mays-number of adventitious roots"
"13",0,"M","plant","between","Salix eriocephala, Salix sericea-aphid survival"
"14",0.607237529310072,"LH","animal","within","Tribolium castaneum-number of offspring"
"17",0.221916534058857,"M","plant","within","Phaseolus vulgaris-internode length"
"23",0.144521460182879,"M","plant","within","Phaseolus vulgaris-plant height"
"29",0.840555525826346,"LH","animal","within","T. castaneum-dispersal tendency"
"30",0.430633692727782,"LH","animal","within","Dendroctonus ponderosae-development time"
"33",0.333333333333333,"M","animal","within","Dendroctonus ponderosae-pronotum width"
"36",0.129428953239376,"LH","animal","within","Callosobruchus maculatus-egg dispersion"
"40",0.296227907507241,"LH","animal","within","Callosobruchus maculatus-proportion eggs on cowpea"
"42",0.206665026481047,"LH","animal","within","Callosobruchus maculatus-lifespan"
"47",0.666666666666667,"LH","animal","within","Callosobruchus maculatus-mortality rate"
"60",0.195492883542381,"M","animal","within","mice-60 day bodyweight in females"
"61",0,"M","animal","within","mice-60 day bodyweight in males"
"62",1,"M","animal","within","rainbow trout-body weight"
"66",1,"M","plant","within","Solanum melongena-number of branches"
"70",1,"LH","animal","within","Cavia porcellus-ejaculation"
"71",0.571428571428571,"LH","animal","within","Cavia porcellus-intromission"
"72",0,"LH","animal","within","Cavia porcellus-mounting"
"73",0.526315789473684,"LH","animal","within","Cavia porcellus-nuzzling"
"74",0.488272488692882,"LH","animal","within","Rattus norvegicus-activity level"
"75",0,"LH","animal","within","Mus musculus-running speed"
"77",0,"LH","animal","within","Cavia porcellus-sexual activity"
"79",0.675113132206695,"M","plant","within","Pennisetum typhoides-plant height"
"90",0,"M","plant","between","Mimulus cuprilphilus, Mimulus guttatus-calyx length"
"91",0.489544256760645,"LH","plant","within","Brassica napus-first flowering"
"95",0.75,"M","plant","within","Brassica napus-first siliqua height"
"99",0.319790099626781,"LH","plant","within","Brassica napus-number of racemes per plant"
"103",0.784567109730541,"M","plant","within","Brassica napus-plant height"
"107",0.179336654523407,"M","plant","within","Brassica napus-seed oil content"
"111",0.388653255290076,"LH","plant","within","Brassica napus-seed weight"
"119",0.347335018300494,"M","plant","between","Capsicum pubescens, Capsicum eximium-seed color"
"120",0.585858883871005,"LH","plant","between","Salix eriocephala, Salix sericea-number of catkins"
"121",0,"LH","plant","between","Salix eriocephala, Salix sericea-filled seeds/catkin"
"122",1,"LH","animal","within","chicken-keyhole limpet hemocyanin"
"123",0,"M","plant","within","Capsicum annuum-canopy width"
"130",0,"LH","plant","within","Capsicum annuum-days to ripe green fruit"
"134",0,"LH","plant","within","Capsicum annuum-days to red fruit"
"137",1,"LH","plant","within","Capsicum annuum-days to flower"
"139",0.422246033026177,"LH","plant","within","Capsicum annuum-fruit length"
"144",0.857363906353116,"LH","plant","within","Capsicum annuum-number of fruits per plant"
"147",0.202940325379509,"LH","plant","within","Capsicum annuum-fruit weight"
"151",0.333333333333333,"LH","plant","within","Capsicum annuum-fruit width"
"155",0.330210847627679,"LH","plant","within","Capsicum annuum-plant height"
"161",0,"LH","plant","within","Capsicum annuum-number of seeds per fruit"
"163",0.816390587689399,"LH","plant","within","Capsicum annuum-yield per plant"
"167",0,"M","plant","between","Solanum lycopersicum, Solanum pennellii-chlorophyll content"
"169",0.140106876893982,"M","plant","within","Secale cereale-coleoptile length (mm)"
"175",0.150107548527909,"M","plant","within","Zea mays-ear height"
"176",0.270793985544168,"M","plant","within","Zea mays-ear length"
"177",0.803804627050128,"LH","plant","within","Zea mays-fusarium rot resistance"
"178",0.333333333333333,"LH","plant","within","Zea mays-grain yield"
"179",0,"LH","plant","within","Zea mays-harvesting time"
"181",0.14339727307801,"LH","plant","within","Zea mays-number of kernels per row"
"182",0.666445805515398,"LH","plant","within","Zea mays-kernel depth"
"183",0,"LH","plant","within","Zea mays-number of kernels"
"185",0.254187054516134,"LH","plant","within","Zea mays-kernel weight"
"186",0,"M","plant","within","Zea mays-leaves number"
"188",0,"M","plant","within","Zea mays-plant height"
"189",0.5,"M","plant","within","Zea mays-final plant height"
"191",0.666666666666667,"LH","plant","within","Zea mays-number of rows per ear"
"192",0,"LH","plant","within","Zea mays-days to silking"
"193",0,"M","plant","within","Zea mays-up ear leaves number"
"194",0,"M","plant","between","Mimulus cuprilphilus, Mimulus guttatus-corolla length"
"195",0,"M","plant","within","Desmodium sandwicense-cotyledon area (mm2)"
"196",0.75,"M","plant","within","cotton-bundle strength (g/tex)"
"202",0.548418083726272,"M","plant","within","cotton-ginning percentage"
"208",0.5,"M","plant","within","cotton-micronaire value"
"214",0.310384797505216,"LH","plant","within","Gossypium hirsutum-seed weight"
"220",0.240292537569482,"M","plant","within","Gossypium hirsutum-seed oil content"
"226",0.49010914116617,"M","plant","within","Gossypium hirsutum-seed oil"
"233",0.644566757455552,"M","plant","within","cotton-2.5% span length"
"238",0.4,"M","plant","within","cotton-uniformity ratio"
"244",0.834195006312755,"LH","plant","between","Gossypium babadense, Gossypium hisutum-boll number"
"245",0,"LH","plant","between","Gossypium-boll number"
"246",0.369369105464921,"LH","plant","between","Gossypium-boll weight"
"248",0.370493544681572,"LH","plant","between","Gossypium-days to flower"
"250",0,"M","plant","between","Gossypium-lint percent"
"252",0.371976235906428,"M","plant","between","Gossypium-lint yield pp"
"254",0.713147523793767,"LH","plant","between","Gossypium-seed yield pp"
"256",0.310809083663385,"LH","plant","within","Vigna unguiculata-seed size"
"264",0,"M","plant","within","Cucumis sativus-ascorbic acid content"
"267",0.284720531895529,"M","plant","within","Cucumis sativus-mineral matter"
"270",0.334303532978053,"M","plant","within","Cucumis sativus-total soluble solids"
"273",0,"LH","plant","within","Cucumis sativus-number of parthenocarpic fruits per plant of first harvest"
"275",0,"LH","plant","within","Cucumis sativus-number of parthenocarpic fruits per plant of cumulative harvest"
"280",0.644148037918166,"LH","animal","within","Drosophila melanogaster-development time with high food/propionic acid"
"285",0.370798624054062,"LH","animal","within","Drosophila melanogaster-development time with high food"
"290",0.297286671048379,"LH","animal","within","Drosophila melanogaster-development time with low food"
"294",0,"LH","plant","within","Zea mays-difference in days between silking and pollen shedding"
"295",0.664532874581034,"LH","animal","within","Drosophila mojavensis-sperm length"
"296",0.820435143501177,"LH","animal","within","Drosophila mojavensis-sperm receptacle length"
"297",0.151297291532482,"M","animal","within","Drosophila melanogaster-wing area"
"303",0.236007655310037,"M","animal","within","Drosophila melanogaster-wing length"
"313",0,"M","animal","between","Drosophila birchii, Drosophila serrata-wing size"
"315",0.0806566175486106,"LH","animal","between","Drosophila birchii, Drosophila serrata-development time"
"321",0.666666666666667,"LH","animal","between","Drosophila birchii, Drosophila serrata-viability"
"332",0.0483057515396216,"LH","animal","within","Drosophila melanogaster-emergence"
"338",0,"M","animal","within","Drosophila melanogaster-wing index score"
"340",1,"M","plant","between","Salix eriocephala, Salix sericea-dry above ground biomass"
"342",0.0307188910667022,"M","plant","between","Zea mays, Zea diploperennis Iltis-ear diameter"
"360",0.0412109796849104,"M","plant","between","Zea mays, Zea diploperennis Iltis-ear length "
"377",0.55664101335225,"LH","animal","between","Drosophila madeirensis, Drosophila subobscura-early fecundity"
"378",0.0340715563306148,"LH","plant","between","Zea mays, Zea diploperennis Iltis-number of ears per plant"
"395",0.5,"LH","animal","within","Wyeomyia smithii-fitness at high density of food"
"398",1,"LH","animal","within","Wyeomyia smithii-fitness at low density of food"
"399",0.20036592704776,"LH","animal","within","rainbow trout-number of eggs per unit body weight"
"401",0.122690330983049,"LH","animal","within","Callosobruchus maculatus-egg dispersal"
"405",0.5,"LH","animal","within","rainbow trout-egg number"
"407",0.275556310910087,"M","plant","within","Solanum melongena-anthocyanin content"
"411",0.829837630911267,"M","plant","within","Solanum melongena-ascorbic acid content"
"415",0.629981601963381,"M","plant","within","Solanum melongena-dry matter content"
"420",1,"M","plant","within","Solanum melongena-glycoalkaloid content"
"424",0.43513216068381,"M","plant","within","Solanum melongena-oil content in seeds"
"427",0.927088348026772,"M","plant","within","Solanum melongena-total phenol content"
"432",0.930529050440474,"M","plant","within","Solanum melongena-polyphenol oxidase activity"
"435",0.686348765593905,"M","plant","within","Solanum melongena-reducing sugars"
"439",1,"LH","plant","within","Solanum melongena-seed weight"
"443",0.815616025728477,"M","plant","within","Solanum melongena-total soluble sugars"
"447",1,"LH","animal","between","Etheostoma caeruleum, Etheostoma spectabile-number of eggs hatched"
"448",0.485533717052318,"LH","animal","within","Drosophila tripunctata-% of eggs laid on mushrooms relative to tomatoes"
"449",0.554819774986749,"LH","animal","within","rainbow trout-egg size"
"451",0.592689279825774,"LH","animal","within","rainbow trout-egg volume "
"453",0.815921992611635,"M","plant","between","Eucalyptus globulus, Eucalyptus nitens-diameter at breast height"
"455",0.809029233884428,"LH","plant","between","Eucalyptus globulus, Eucalyptus nitens-percent survival"
"457",0.935382061463581,"LH","plant","between","Eucalyptus-20 year growth of survivors"
"458",1,"LH","plant","between","Eucalyptus-proportion of survivors reproductive"
"459",0.918736303675095,"LH","plant","between","Eucalyptus-20 year survival"
"460",0.563768229800233,"LH","plant","between","Eucalyptus-germination success"
"461",0.715409742748165,"LH","plant","between","Eucalyptus-germination time"
"463",0.498595326157122,"LH","plant","between","Eucalyptus-seed set"
"464",0,"M","animal","within","Astyanax-eye-ball size"
"465",0,"M","animal","within","Drosophila falleni-fluctuating asymmetry"
"466",0.881809821927486,"LH","plant","within","Vicia faba-days to flower"
"469",0.435773183841455,"LH","plant","within","Vicia faba-harvest index"
"470",0.660133930174408,"LH","plant","within","Vicia faba-seed weight"
"472",0.0472541816278175,"M","plant","within","Vicia faba-number of branches"
"474",0.468632358428479,"LH","plant","within","Vicia faba-number of pods"
"476",0.394211644415051,"LH","plant","within","Vicia faba-number of seeds"
"478",0.931796304739826,"M","plant","within","Vicia faba-plant height"
"481",0.406854615989217,"LH","plant","within","Vicia faba-seed yield"
"484",0.709235599431004,"LH","plant","between","Silene latifolia, Silene diclinis-number of females"
"485",0,"M","animal","within","Drosophila melanogaster-flight time"
"486",0.223743191112652,"LH","plant","within","Vigna sesquipedalis-days to flower"
"490",0.263057231603003,"LH","plant","within","Solanum melongena-number of days taken to flower"
"496",0.459784065794465,"LH","plant","within","Brassica juncea-days to flower initiation"
"497",0.29572223943286,"LH","plant","within","Brassica junces-days to flower initiation"
"501",0,"LH","plant","between","Iris brevivaulis, Iris fulva-number of flowers"
"502",0,"M","plant","between","Mimulus cuprilphilus, Mimulus guttatus-flower length"
"503",0.185646509086434,"M","plant","between","Mimulus cuprilphilus, Mimulus guttatus-flower height"
"505",0,"LH","plant","between","Mimulus cuprilphilus, Mimulus guttatus-number of flowering stems"
"506",0,"LH","plant","between","Solanum lycopersicum, Solanum pennellii-time to flowering (anthesis)"
"507",0,"M","plant","between","Mimulus cuprilphilus, Mimulus guttatus-flower width"
"508",0.341210552122195,"LH","plant","within","Solanum melongena-fruit-size index (cm)"
"514",0.25886397982574,"LH","plant","within","Solanum melongena-number of fruit per plant "
"521",0.139559647185629,"LH","plant","within","Cucumis sativus-fruit bearing index"
"527",0.352923935795879,"LH","plant","between","Lycopersicon esculenium, Lycopersicon pimpinellifolium-number of fruits"
"532",0.179313365732036,"LH","plant","within","Cucumis sativus-fruit number per plot"
"539",0.426772208372552,"LH","plant","within","Cucumis sativus-fruit weight per plot (kg)"
"545",0.195722017274718,"M","plant","within","watermelon-fruit shape"
"549",0.272510577646383,"LH","plant","between","Lycopersicon esculenium, Lycopersicon pimpinellifolium-fruit weight"
"554",0.57429174679974,"LH","plant","within","Cucumis sativus-fruit weight"
"560",0.809571317468318,"LH","plant","between","Salix eriocephala, Salix sericea-germination rate"
"561",1,"LH","plant","between","Solanum pennellii, Solanum lycopersicum-time to germination "
"562",0.638290144195831,"M","animal","within","stickleback-gill raker length"
"563",0,"M","animal","within","stickleback-gill raker number"
"564",0,"M","plant","within","Momordica charantia-number of primary branches"
"565",0.53391342758286,"M","plant","within","Momordica charantia-internode length"
"567",0.288505532485599,"M","plant","within","Momordica charantia-leaf length"
"568",1,"M","plant","within","Momordica charantia-leaf length width ratio"
"569",0,"M","plant","within","Momordica charantia-leaf width"
"570",0.440501405597489,"M","plant","within","Momordica charantia-peduncle length"
"571",0,"LH","plant","within","Momordica charantia-pericarp thickness"
"572",0.432893985973936,"LH","plant","within","Momordica charantia-seed number"
"574",0,"LH","plant","within","bread wheat-grain yield per plant"
"575",0.490281314145226,"LH","plant","within","bread wheat-number of grains per spike"
"576",0.477701498064357,"LH","plant","within","Vigna unguiculata-grain yield"
"590",0.135372632696481,"LH","plant","within","Vigna sesquipedalis-days to harvest"
"595",0,"M","plant","between","Mimulus cuprilphilus, Mimulus guttatus-plant height"
"596",0,"M","plant","within","Datura stramonium-internode number"
"600",0,"M","plant","within","Desmodium sandwicense-leaf width"
"601",0,"M","plant","between","Zea mays, Zea diploperennis Iltis-kernels per row"
"618",0,"M","plant","between","Zea mays, Zea diploperennis Iltis-kernel rows per ears"
"637",0,"LH","animal","between","Lucania goodei, Lucania parva-hatching success low salinity"
"638",0,"LH","animal","between","Lucania goodei, Lucania parva-survival to eating high salinity"
"640",0,"M","plant","within","Zea mays-number of lateral roots"
"641",0,"M","plant","between","Mimulus cuprilphilus, Mimulus guttatus-leaf area"
"642",0,"M","plant","between","Mimulus cuprilphilus, Mimulus guttatus-leaf length"
"643",0,"M","plant","between","Zea mays, Zea diploperennis Iltis-leaf length"
"660",0.685217819403095,"M","plant","between","Salix eriocephala, Salix sericea-herbivore density"
"662",0,"M","plant","between","Mimulus cuprilphilus, Mimulus guttatus-leaf width"
"663",0.133651548010066,"M","plant","between","Zea mays, Zea diploperennis Iltis-leaf width"
"680",0.146873076175638,"M","plant","within","Datura stramonium-leaf weight"
"684",0.133737151133488,"M","plant","between","Zea mays, Zea diploperennis Iltis-number of leaves"
"701",0,"M","plant","within","Lens culinaris-number of primary branches"
"702",0,"M","plant","within","Lens culinaris-number of clusters per plant"
"705",0,"LH","plant","within","Lens culinaris-pod length"
"706",0.486162626803187,"LH","plant","within","Lens culinaris-number of pods per plant"
"707",0,"M","plant","within","Lens culinaris-number of secondary branches"
"708",0,"LH","plant","within","Lens culinaris-number of seeds per plant"
"709",0,"LH","plant","within","Lens culinaris-number of seeds per pod"
"710",1,"LH","plant","within","Lens culinaris-seed yield per plant"
"711",0.460598435721841,"LH","plant","within","Lens culinaris-seed weight"
"712",0,"M","plant","between","Mimulus cuprilphilus, Mimulus guttatus-lower corolla lobe length"
"713",0,"M","plant","between","Mimulus cuprilphilus, Mimulus guttatus-lower corolla lobe width"
"714",0.271987107347157,"LH","plant","between","Lycopersicon esculenium, Lycopersicon pimpinellifolium-number of locules"
"722",0.124844466984821,"M","plant","within","Zea mays-ear diameter"
"738",0,"LH","plant","within","Zea mays-days to 50% silking"
"740",0.541163543650192,"LH","plant","between","Silene latifolia, Silene diclinis-number of males"
"741",1,"LH","plant","between","Iris brevivaulis, Iris fulva-maternal fitness"
"742",0.867393211251228,"LH","plant","within","Brassica junces-days to maturity"
"745",0,"LH","plant","within","Brassica juncea-days to maturity"
"746",1,"LH","plant","within","Cucumis melo-days to anthesis"
"747",0,"M","plant","within","Cucumis melo-primary branch number"
"749",0.353968227247286,"LH","plant","within","Cucumis melo-fruit number per plant"
"751",0.6396577795578,"LH","plant","within","Cucumis melo-fruit weight per plant"
"755",0.573180030639345,"M","plant","within","Zea mays-number of mesocotyl roots"
"756",0,"M","plant","within","Oryza sativa-mesocotyl length"
"759",0.583363669693568,"M","plant","between","Salix eriocephala, Salix sericea-number of mite gals"
"760",0.537318569770005,"LH","plant","within","Cucumis sativus-number of fruits per plant"
"761",0.5,"M","plant","within","Cucumis sativus-internode length"
"762",0,"M","plant","within","Cucumis sativus-number of primary laterals"
"763",0.312356547739768,"M","plant","within","Cucumis sativus-number of nodes"
"767",1,"M","plant","within","Desmodium sandwicense-nitrogen fixation component"
"770",0.595476360343771,"M","plant","within","Zea mays-number of nodes below ear"
"771",0.844370860927152,"LH","plant","within","Abelmoschous esculentus-days to first flowering"
"777",0.555555555555556,"LH","plant","within","Abelmoschus esculentus-fruit weight"
"779",0.386782677870452,"LH","plant","within","Abelmoschous esculentus-fruit yield"
"789",0,"LH","plant","within","Abelmoschus esculentus-number of fruit"
"791",1,"M","plant","within","Abelmoschus esculentus-plant height"
"793",0.557220171012784,"LH","plant","within","Abelmoschous esculentus-number of pods per plant"
"801",0,"LH","plant","within","Abelmoschous esculentus-yield"
"803",0.168978004681385,"M","plant","within","Abelmoschous esculentus-leaf water potential"
"811",0.208240258361831,"LH","plant","within","Abelmoschus esculentus-yield"
"820",0.672856461112406,"LH","animal","within","Drosophila hibisci-ovariole number"
"821",0,"LH","plant","between","Mimulus cuprilphilus, Mimulus guttatus-ovary length"
"822",0.309913744080921,"LH","plant","between","Silene latifolia, Silene diclinis-number of ovules"
"832",0,"M","plant","within","Arachis hypogaea-Fe root concentration"
"833",0,"M","plant","within","Arachis hypogaea-Fe shoot concentration"
"835",0.852530680325785,"LH","plant","within","Arachis hypogaea-kernel weight"
"837",0,"M","plant","within","Arachis hypogaea-shoot weight"
"841",0,"M","plant","within","Arachis hypogaea-K shoot concentration"
"843",0,"LH","plant","within","Arachis hypogaea-peanut bud necrosis incidence %"
"846",0,"M","plant","within","Arachis hypogaea-oil concentration"
"848",0,"M","plant","within","Arachis hypogaea-P root concentration"
"851",0.655999601851391,"M","plant","within","Arachis hypogaea-P shoot concentration"
"853",0.5,"LH","plant","within","Arachis hypogaea-pod yield"
"855",1,"M","plant","within","Arachis hypogaea-root weight"
"856",0.174689619631406,"M","plant","within","Arachis hypogaea-shelling percent"
"863",0,"M","plant","within","Arachis hypogaea-arachidic acid"
"865",1,"M","plant","within","Arachis hypogaea-behenic acid"
"869",0.304158337596161,"M","plant","within","Arachis hypogaea-eicosenoic acid"
"871",0.333333333333333,"M","plant","within","Arachis hypogaea-fatty acid ratio"
"874",0.113241098076892,"M","plant","within","Arachis hypogaea-fatty acids"
"878",0.5,"M","plant","within","Arachis hypogaea-iodine"
"880",0.830145040134054,"M","plant","within","Arachis hypogaea-lignoceric acid"
"884",0.394228954896757,"M","plant","within","Arachis hypogaea-linoleic acid"
"886",0.567197221822077,"M","plant","within","Arachis hypogaea-long chain fatty acids"
"890",0.448538017767762,"M","plant","within","Arachis hypogaea-oil ratio"
"892",0.172982838597404,"M","plant","within","Arachis hypogaea-fatty acid concentration"
"910",0.35590931112084,"M","plant","within","Arachis hypogaea-oleic acid"
"914",0,"M","plant","within","Arachis hypogaea-palmictic acid"
"917",0,"M","plant","within","Arachis hypogaea-stearic acid"
"920",0,"LH","plant","within","Arachis hypogaea-latency period - disease"
"921",0,"M","plant","within","Arachis hypogaea-lesioned area"
"923",0,"M","plant","within","Arachis hypogaea-lesions per cm"
"925",0.33108625618168,"M","plant","within","Arachis hypogaea-lesions per leaf"
"928",0.424023399360815,"M","plant","within","Arachis hypogaea-precent defoliation"
"929",0.608528206636527,"LH","plant","within","Arachis hypogaea-pod length"
"931",0,"LH","plant","within","Arachis hypogaea-pod weight"
"933",0.5,"LH","plant","within","Arachis hypogaea-pod width"
"938",0.5,"LH","plant","within","Arachis hypogaea-seed pod ratio"
"939",0.444444444444446,"LH","plant","within","Arachis hypogaea-seed per pod"
"941",0,"LH","plant","within","Arachis hypogaea-seed weight"
"944",0.5,"LH","plant","within","Vigna unguiculata-number of peduncles per plant"
"947",0,"M","animal","within","stickleback-pelvic spine length"
"950",0.126511449700182,"LH","plant","within","Zea mays-pericarp thickness"
"958",0,"M","plant","within","Lycopersicon esculentum-pericarp firmness"
"959",0.379488683309538,"M","plant","between","Mimulus cuprilphilus, Mimulus guttatus-petiole length"
"961",0.228736202369937,"M","plant","within","Aeschynomene americana-photoperiod response to flowering date at Ft. Pierce"
"963",0.415286075482567,"M","plant","within","Aeschynomene americana-photoperiod response to flowering date at Gainesville"
"966",0,"LH","plant","between","Mimulus cuprilphilus, Mimulus guttatus-pistil length"
"967",0.659174581665361,"M","plant","within","Datura stramonium-plant height"
"972",0.190904144751039,"M","plant","between","Lycopersicon esculenium, Lycopersicon pimpinellifolium-plant height"
"975",0.247963479139296,"M","plant","between","Zea mays, Zea diploperennis Iltis-plant height"
"1005",0.153130154507146,"M","plant","within","Secale cereale-plant height"
"1010",0.112794467502648,"M","plant","between","Lycopersicon esculenium, Lycopersicon pimpinellifolium-plant spread"
"1015",0.106408442052012,"M","animal","within","stickleback-plate number"
"1016",0.53579678360881,"M","plant","within","Solanum melongena-plant height"
"1023",0.16017130620985,"LH","plant","within","Vigna sesquipedalis-pod length"
"1027",0,"M","plant","within","Vigna unguiculata-pod length"
"1030",0.5,"LH","plant","within","Vigna unguiculata-number of pods per plant"
"1033",0,"LH","plant","within","Vigna sesquipedalis-number of pods per plant"
"1037",0.447367010113588,"LH","plant","within","Vigna sesquipedalis-pod weight"
"1041",0.589656158888477,"LH","plant","within","Vigna sesquipedalis-pod yield per plant"
"1045",0,"M","animal","within","Ophryotrocha puerilis-number of chaetigerous segments at sex change"
"1046",0.497741602449263,"LH","plant","within","Zea mays-number of days from seeding to pollen shedding"
"1047",1,"LH","plant","between","Silene latifolia, Silene diclinis-proportion viable pollen"
"1049",0.798569882244891,"M","plant","between","Populus angustifolia, Populus fremontii-stem fractal"
"1063",1,"LH","animal","within","Oryctolagus cuniculus domesticus-body weight day 21"
"1068",1,"LH","animal","within","Oryctolagus cuniculus domesticus-body weight day 56"
"1069",1,"LH","animal","within","Oryctolagus cuniculus domesticus-body weight day 63"
"1070",1,"LH","animal","within","Oryctolagus cuniculus domesticus-body weight day 7"
"1071",1,"LH","animal","within","Oryctolagus cuniculus domesticus-body weight day 70"
"1072",0,"LH","animal","within","Oryctolagus cuniculus domesticus-body weight day 77"
"1073",1,"LH","animal","within","Oryctolagus cuniculus domesticus-body weight day 84"
"1074",0.481353097205041,"M","animal","within","rat-24 hour estimate, locomotor activity"
"1075",0.413724676054752,"M","animal","within","rat-48 hour estimate, locomotor activity"
"1076",0.321356588547646,"M","animal","within","rat-4 hour estimate, locomotor activity"
"1077",0,"M","animal","within","rat-acrophase, locomotor activity"
"1078",0.372267821375612,"M","animal","within","rat-amplitude, locomotor activity"
"1079",1,"LH","animal","between","Drosophila madeirensis, Drosophila subobscura-age of 1st reproduction"
"1080",1,"M","plant","within","Oryza sativa-branches per panicle"
"1081",0.508990867971132,"M","plant","within","Oryza sativa-canopy temp"
"1082",0,"M","plant","within","Oryza sativa-chlorophyll content"
"1083",0.585411498976445,"M","plant","within","Oryza sativa-flag leaf area"
"1084",0,"LH","plant","within","Oryza sativa-days to 50% flowering"
"1086",0.653705640569431,"LH","plant","within","Oryza sativa-grain yield per plant"
"1087",0,"M","plant","within","Oryza sativa-grain zinc content"
"1088",0.938990436679082,"LH","plant","within","Oryza sativa-grains per panicle"
"1091",0,"LH","plant","within","Oryza sativa-days to maturity"
"1092",0,"M","plant","within","Oryza sativa-panicle length"
"1093",0.790262866344493,"LH","plant","within","Oryza sativa-panicles per plant"
"1094",0.450432940088325,"LH","plant","within","Oryza sativa-percent grains per panicle"
"1095",0.314994997282482,"M","plant","within","Oryza sativa-plant height"
"1096",1,"M","plant","within","Oryza sativa-test weight (g)"
"1097",0,"LH","plant","within","Oryza sativa-days to flowering"
"1099",0.143581564389616,"M","plant","within","Oryza sativa-fresh weight"
"1101",0.442303043070767,"LH","plant","within","Oryza sativa-grain yield"
"1102",0,"LH","plant","within","Oryza sativa-grain yield "
"1103",0.306935421575067,"LH","plant","within","Oryza sativa-harvest index"
"1105",1,"M","plant","within","Oryza sativa-length of panicle"
"1107",1,"M","plant","within","Oryza sativa-number of tillers"
"1111",0.221969072597111,"M","plant","within","Oryza sativa-leaf discoloration red-green"
"1114",0,"M","plant","within","Oryza sativa-root length"
"1115",0.299999224177301,"M","plant","within","Oryza sativa-shoot length"
"1117",0.234280998614726,"LH","plant","within","Oryza sativa-straw yield per plant"
"1119",1,"M","plant","within","Zea mays-root dry weight (gm)"
"1120",1,"M","plant","within","Desmodium sandwicense-root fresh weight (g)"
"1131",0.015625,"M","animal","within","Onchorhynchus kisutch-body length"
"1139",0,"M","animal","within","Onchorhynchus kisutch-body width"
"1148",0,"M","plant","within","Zea mays-number of secondary roots"
"1150",0.467415522426255,"LH","animal","within","Acanthoscelides obtectus-longevity, reared on bean"
"1152",0.811355792823248,"LH","animal","within","Acanthoscelides obtectus-longevity, reared on chickpea"
"1155",0.339645962177829,"LH","plant","within","Campanulastrum americanum-seeds per fruit"
"1160",0.244514106583073,"LH","plant","within","Phaseolus vulgaris-seed height"
"1161",0,"LH","plant","within","Phaseolus vulgaris-seed length"
"1162",1,"LH","plant","within","Pisum sativum-seed number"
"1165",0.214594288746737,"LH","plant","within","Phaseolus vulgaris-seed weight"
"1166",0.359700574810397,"LH","plant","within","Phaseolus vulgaris-seed width"
"1167",0.627161080607997,"M","plant","within","Secale cereale-seedling height"
"1172",1,"LH","plant","within","Vigna unguiculata-number of seeds per pod"
"1175",0.333333333333333,"LH","plant","within","Vigna sesquipedalis-seeds per pod"
"1179",0.394320068782775,"LH","plant","within","Lima bean-seed weight"
"1180",0.467000581425392,"LH","plant","within","Vigna sesquipedalis-seed weight"
"1184",1,"LH","plant","within","Campanulastrum americanum-seed weight"
"1190",0,"LH","plant","within","Vigna unguiculata-100-seed weight"
"1193",0.686273502349381,"LH","plant","between","Mimulus cuprilphilus, Mimulus guttatus-distance from stigma to anthers "
"1194",0.527052002786824,"LH","plant","within","Sesamum indicum-capsule length"
"1199",0.5,"LH","plant","within","Sesamum indicum-days to maturity"
"1204",1,"M","plant","within","Sesamum indicum-number of branches"
"1206",0,"LH","plant","within","Sesamum indicum-number of capsules"
"1212",0.5,"M","plant","within","Sesamum indicum-plant height"
"1214",0.437448337304398,"LH","plant","within","Sesamum indicum-seed weight"
"1218",0.524050694161795,"LH","plant","within","Sesamum indicum-yield"
"1222",1,"M","animal","within","chickens-eggshell color"
"1223",1,"M","plant","within","Desmodium sandwicense-shoot dry weight (mg)"
"1224",1,"M","plant","within","Desmodium sandwicense-shoot fresh weight (mg)"
"1228",0.306676568353444,"M","animal","within","Drosophila falleni-bristle size"
"1229",0,"M","plant","between","Mimulus cuprilphilus, Mimulus guttatus-plant size"
"1230",0,"M","animal","within","human-skin reflectance"
"1231",0.634704475787042,"LH","animal","within","Drosophila melanogaster-BxSO fecundity"
"1232",0,"LH","animal","within","Drosophila melanogaster-BxSO female starvation resist"
"1233",0,"LH","animal","within","Drosophila melanogaster-BxSO fem develop time"
"1234",0,"M","animal","within","Drosophila melanogaster-BxSO female weight"
"1235",0,"LH","animal","within","Drosophila melanogaster-BxSO male starvation resist"
"1236",0,"LH","animal","within","Drosophila melanogaster-BxSO male develop time"
"1237",0,"M","animal","within","Drosophila melanogaster-BxSO male weight"
"1238",0.410754932797771,"M","animal","within","Jadera haematoloma-beak length"
"1240",0.933481857832389,"LH","animal","within","Jadera haematoloma-development time"
"1242",0.677933617910968,"M","animal","within","Jadera haematoloma-thorax width"
"1244",0,"LH","plant","within","Sorghum bicolor-eggs per plant"
"1248",0.312523420190496,"LH","plant","within","Sorghum bicolor-days to 50% flowering"
"1252",0.723481071959534,"LH","plant","within","Sorghum bicolor-grain yield"
"1254",0.212716978654468,"LH","plant","within","Sorghum bicolor-harvest index"
"1257",0,"M","plant","within","Sorghum bicolor-leaves per plant"
"1261",0,"M","plant","within","Sorghum bicolor-plant height"
"1265",0.417022474347284,"LH","plant","within","Glycine max-infection degree"
"1266",0,"M","plant","within","Glycine max-lesion-diameter"
"1267",0.39553317352301,"M","plant","within","Glycine max-lesions per cm"
"1269",0.375389127318027,"M","plant","within","Glycine max-percent lesions"
"1274",0.706092621849833,"M","plant","within","Cucumis sativus-main stem length (cm)"
"1275",0.147809443648837,"M","plant","within","Triticum aestivum-number of spike bearing culms"
"1277",0.264114009914892,"M","plant","within","Secale cereale-spike length (cm)"
"1282",0.0750810305166615,"M","plant","between","Mimulus cuprilphilus, Mimulus guttatus-number of red spots on the corolla"
"1284",0,"LH","plant","between","Mimulus cuprilphilus, Mimulus guttatus-mean stamen length"
"1285",0.0436120678468358,"M","plant","within","Datura stramonium-stem weight"
"1290",0.394822128730836,"M","animal","within","stickleback-body depth"
"1292",0.316481738748957,"M","animal","within","stickleback-body shape"
"1296",0.313861184996311,"M","animal","within","Aquarius remigis-abdominal length"
"1300",0.195179850279735,"M","animal","within","Aquarius remigis-abdominal width"
"1304",0.323457648272193,"M","animal","within","Aquarius remigis-front femur length"
"1306",0.762244670105556,"M","animal","within","Aquarius remigis-front gemur length"
"1308",0.262841781430565,"M","animal","within","Aquarius remigis-front femue width"
"1310",0.428563254690087,"M","animal","within","Aquarius remigis-front femur width"
"1312",0.477903547998052,"M","animal","within","Aquarius remigis-genital length"
"1316",0.262431356902424,"M","animal","within","Aquarius remigis-hind femur length"
"1320",0.31755175044082,"M","animal","within","Aquarius remigis-mid femur length"
"1324",0.220678437048299,"M","animal","within","Aquarius remigis-segment 7 length"
"1328",0.525444536185274,"M","animal","within","Aquarius remigis-segment 8 length"
"1332",0.221719265883765,"M","animal","within","Aquarius remigis-spine width"
"1336",0.499154127639683,"M","animal","within","Aquarius remigis-thorax length"
"1340",0.486458498904779,"M","animal","within","Aquarius remigis-total length"
"1344",0,"LH","plant","between","Mimulus cuprilphilus, Mimulus guttatus-style length"
"1345",0.960045955116134,"LH","animal","between","Drosophila madeirensis, Drosophila subobscura-survival"
"1346",0.0640824036595724,"LH","plant","between","Zea mays, Zea diploperennis Iltis-tassel length (cm)"
"1363",0.647195271121222,"M","animal","within","Drosophila hibisci-thorax length"
"1366",0.480898042693209,"LH","plant","within","bread wheat-grain weight"
"1367",0,"LH","plant","within","Brassica juncea-seed weight"
"1368",0.0179690497506075,"M","plant","between","Zea mays, Zea diploperennis Iltis-number of tillers per plant"
"1397",0.154830009907618,"M","plant","within","Nicotiana tabacum-total alkaloids %"
"1401",0.190993454481262,"LH","plant","within","Nicotiana tabacum-flower days"
"1405",0.340413207369592,"M","plant","within","Nicotiana tabacum-grade index"
"1409",0.124174571165532,"M","plant","within","Nicotiana tabacum-plant height"
"1413",0.153846153846153,"M","plant","within","Nicotiana tabacum-number of leaves"
"1417",0.156922388953305,"M","plant","within","Nicotiana tabacum-nicotine %"
"1421",0.372499563060319,"M","plant","within","Nicotiana tabacum-nornicotine %"
"1425",0.377596250317536,"M","plant","within","Nicotiana tabacum-sugar %"
"1429",0.243140912512189,"LH","plant","within","Nicotiana tabacum-yield"
"1433",0,"LH","plant","within","Solanum lycopersicum-fruit diameter"
"1434",0,"LH","plant","within","Solanum lycopersicum-fruit length"
"1435",0,"LH","plant","within","Solanum lycopersicum-fruit number"
"1436",0,"LH","plant","within","Solanum lycopersicum-fruit size"
"1437",0.741253966608781,"LH","plant","within","Solanum lycopersicum-fruit weight"
"1439",0.504701265631056,"LH","animal","within","Tribolium castaneum-percent of offspring deformed"
"1462",0.0895374265869203,"LH","animal","within","Oncorhynchus mykiss-activity"
"1468",0.263412849335198,"LH","animal","within","Oncorhynchus mykiss-condition factor"
"1470",0,"LH","animal","within","Oncorhynchus mykiss-growth rate length"
"1472",0.297040690706361,"LH","animal","within","Oncorhynchus mykiss-growth rate mass"
"1474",0,"LH","animal","within","Oncorhynchus mykiss-time to first feeding"
"1479",1,"M","animal","between","Toad-foot length"
"1480",0.709602526615569,"M","animal","between","Toad-head length"
"1481",0,"M","animal","between","Toad-head width"
"1486",1,"M","animal","between","Toad-typanum diameter"
"1488",1,"M","animal","between","Toad-finger 1 length"
"1489",1,"M","animal","between","Toad-finger 3 length"
"1493",1,"M","animal","between","Toad-orbit diameter"
"1494",1,"M","animal","between","Toad-parotid gland length"
"1495",1,"M","animal","between","Toad-snout-vent length"
"1499",0.75,"LH","animal","within","Drosophila rnelanogaster-viability with high food/propionic acid"
"1503",0.636265838486127,"LH","animal","within","Drosophila rnelanogaster-viability with high food"
"1508",0.807320822899674,"LH","animal","within","Drosophila rnelanogaster-viability with low food"
"1513",0,"M","plant","within","Lycopersicon esculentum-gross viscosity"
"1514",0,"M","plant","between","Mimulus cuprilphilus, Mimulus guttatus-dry weight"
"1515",1,"LH","animal","within","mosquito Wyeomyia smithii-fitness at high density of food"
"1517",0,"M","plant","within","Triticum aestivum-chlorophyll concentration"
"1527",0.333333333333333,"M","plant","within","Triticum aestivum-flag-leaf duration"
"1532",0,"M","plant","within","Triticum aestivum-flag-leaf angle"
"1535",0.218595737379728,"M","plant","within","Triticum aestivum-flag-leaf area"
"1540",0.742217560608881,"LH","plant","within","Triticum aestivum-number of grains per spike"
"1542",0,"LH","plant","within","Triticum aestivum-grain weight"
"1544",0.194301278310734,"LH","plant","within","Triticum aestivum-grain yield"
"1546",0,"LH","plant","within","Triticum aestivum-heading date"
"1547",0,"LH","plant","within","Triticum aestivum-days to heading"
"1549",1,"LH","plant","within","Triticum aestivum-kernels per spike"
"1550",0.556728419623949,"LH","plant","within","Triticum aestivum-kernels per spikelet"
"1552",0.184515559806647,"LH","plant","within","Triticum aestivum-kernel weight"
"1553",0.37143205237048,"M","plant","within","Triticum aestivum-flag leaf area"
"1556",0.119150487872739,"M","plant","within","Triticum aestivum-number of leasions"
"1571",0.63318236916502,"M","plant","within","Triticum aestivum-plant height"
"1572",0.474092481612517,"M","plant","within","Triticum aestivum-spikelets per spike"
"1573",0.300948864097362,"M","plant","within","Triticum aestivum-number of spikes per plant"
"1575",0,"M","plant","within","Triticum aestivum-number of tillers"
"1576",0,"M","plant","between","Salix eriocephala, Salix sericea-biomass tolerance"
"1577",1,"M","plant","between","Salix eriocephala, Salix sericea-ratio of cutting weight"
"1578",1,"M","plant","between","Salix eriocephala, Salix sericea-% damage"
"1594",0.401953751925015,"LH","plant","within","Triticum aestivum-grain yield (g/plant) for late sowing"
"1595",0,"LH","plant","within","Triticum aestivum-grain yield (g/plant) for normal sowing"
"1596",0.863734444450646,"LH","plant","within","Solanum melongena-yield per plant (kg)"
"1602",0.247727272727273,"LH","plant","within","Secale cereale-yield per spike (g)"
